Alert ID,Title of Alert
AA20-352,"Advanced Persistent Threat Compromise of Government Agencies, Critical Infrastructure, and Private Sector Organizations"
AA20-345,Cyber Actors Target K-12 Distance Learning Education to Cause Disruptions and Steal Data 
AA20-336,Advanced Persistent Threat Actors Targeting U.S. Think Tanks
AA20-304,Iranian Advanced Persistent Threat Actor Identified Obtaining Voter Registration Data
AA20-302,Ransomware Activity Targeting the Healthcare and Public Health Sector
AA20-301,North Korean Advanced Persistent Threat Focus: Kimsuky
AA20-296,Iranian Advanced Persistent Threat Actors Threaten Election-Related Systems
AA20-296,Russian State-Sponsored Advanced Persistent Threat Actor Compromises U.S. Government Targets
AA20-283,"APT Actors Chaining Vulnerabilities Against SLTT, Critical Infrastructure, and Elections Organizations"
AA20-280,Emotet Malware
AA20-275,Potential for China Cyber Response to Heightened U.S.�China Tensions
AA20-266,LokiBot Malware 
AA20-259,Iran-Based Threat Actor Exploits VPN Vulnerabilities
AA20-258,Chinese Ministry of State Security-Affiliated Cyber Threat Actor Activity
AA20-245,Technical Approaches to Uncovering and Remediating Malicious Activity
AA20-239,FASTCash 2.0: North Korea's BeagleBoyz Robbing Banks
AA20-227,Phishing Emails Used to Deploy KONNI Malware
AA20-225,Malicious Cyber Actor Spoofing COVID-19 Loan Relief Webpage via Phishing Emails
AA20-209,Potential Legacy Risk from Malware Targeting QNAP NAS Devices
AA20-206,Threat Actor Exploitation of F5 BIG-IP CVE-2020-5902   
AA20-205,NSA and CISA Recommend Immediate Actions to Reduce Exposure Across Operational Technologies and Control Systems
AA20-198,Malicious Cyber Actor Use of Network Tunneling and Spoofing to Obfuscate Geolocation
AA20-195,Critical Vulnerability in SAP NetWeaver AS Java
AA20-183,Defending Against Malicious Cyber Activity Originating from Tor 
AA20-182,EINSTEIN Data Trends � 30-day Lookback 
AA20-133,Top 10 Routinely Exploited Vulnerabilities
AA20-126,APT Groups Target Healthcare and Essential Services
AA20-120,Microsoft Office 365 Security Recommendations 
AA20-107,Continued Threat Actor Exploitation Post Pulse Secure VPN Patching
AA20-106,Guidance on the North Korean Cyber Threat
